{
  "project_info": {
    "project_number": "1055788443339",
    "firebase_url": "https://flash-chat-58a2a.firebaseio.com",
    "project_id": "flash-chat-58a2a",
    "storage_bucket": "flash-chat-58a2a.appspot.com"
  },
  "client": [
    {
      "client_info": {
        "mobilesdk_app_id": "1:1055788443339:android:26ee5a166746f262",
        "android_client_info": {
          "package_name": "co.appbrewery.flash_chat"
        }
      },
      "oauth_client": [
        {
          "client_id": "1055788443339-o0dpvs896iv6ju6s3kqhkndv0bt8cgoc.apps.googleusercontent.com",
          "client_type": 3
        }
      ],
      "api_key": [
        {
          "current_key": "AIzaSyD6rctF2MNCGAIz2K70BQvTBfSJPHaaCqo"
        }
      ],
      "services": {
        "appinvite_service": {
          "other_platform_oauth_client": [
            {
              "client_id": "1055788443339-o0dpvs896iv6ju6s3kqhkndv0bt8cgoc.apps.googleusercontent.com",
              "client_type": 3
            }
          ]
        }
      }
    }
  ],
  "configuration_version": "1"
}